{"cameraMode":{"drawMode":0,"name":"Shaded","section":"Shading Mode"},"sceneLighting":true,"audioPlay":false,"sceneViewState":{"showFog":true,"showMaterialUpdate":false,"showSkybox":true,"showFlares":true,"showImageEffects":true,"showParticleSystems":true},"in2DMode":false,"pivot":{"x":10.023822784423829,"y":-3.672649383544922,"z":-4.893045425415039},"rotation":{"x":-0.06665663421154022,"y":0.9327273368835449,"z":-0.2675127685070038,"w":-0.23240940272808076},"size":42.074363708496097,"orthographic":false}